acres92,stratum
683533,acres82Q3
47146,acres82Q2
141338,acres82Q2
210,acres82Q1
50810,acres82Q1
107259,acres82Q2
167832,acres82Q2
177189,acres82Q2
48022,acres82Q1
137426,acres82Q2
144799,acres82Q2
96427,acres82Q2
73841,acres82Q1
109555,acres82Q2
121504,acres82Q2
99466,acres82Q2
67950,acres82Q2
61426,acres82Q2
68478,acres82Q1
47200,acres82Q1
175209,acres82Q2
138135,acres82Q2
82466,acres82Q2
40832,acres82Q1
166490,acres82Q2
111315,acres82Q2
196859,acres82Q2
134555,acres82Q2
233422,acres82Q2
210733,acres82Q2
104364,acres82Q2
85872,acres82Q2
85821,acres82Q2
64755,acres82Q1
130063,acres82Q2
195536,acres82Q2
128357,acres82Q2
167583,acres82Q2
166949,acres82Q2
191810,acres82Q2
204487,acres82Q2
35748,acres82Q1
56102,acres82Q1
201892,acres82Q2
173468,acres82Q2
67962,acres82Q2
207226,acres82Q2
199714,acres82Q2
138437,acres82Q2
224370,acres82Q2
199117,acres82Q2
89228,acres82Q2
142873,acres82Q2
104342,acres82Q2
110066,acres82Q2
231243,acres82Q2
155914,acres82Q2
144193,acres82Q2
106206,acres82Q2
179319,acres82Q2
96435,acres82Q2
112620,acres82Q2
78176,acres82Q1
71697,acres82Q1
167923,acres82Q2
104199,acres82Q2
78889,acres82Q1
96194,acres82Q2
50257,acres82Q1
85086,acres82Q1
141260,acres82Q2
56680,acres82Q1
411473,acres82Q3
151325,acres82Q2
92708,acres82Q2
293745,acres82Q2
250819,acres82Q2
30196,acres82Q1
18818,acres82Q1
246184,acres82Q2
269122,acres82Q2
98919,acres82Q2
313573,acres82Q2
108046,acres82Q2
34115,acres82Q1
57253,acres82Q1
167572,acres82Q2
350402,acres82Q2
145744,acres82Q2
326808,acres82Q2
324539,acres82Q2
20589,acres82Q1
262021,acres82Q2
110260,acres82Q2
210692,acres82Q2
168755,acres82Q2
223889,acres82Q2
42794,acres82Q1
37606,acres82Q1
251710,acres82Q2
168848,acres82Q2
78498,acres82Q1
105721,acres82Q2
263182,acres82Q2
183895,acres82Q2
367969,acres82Q2
281864,acres82Q2
108913,acres82Q2
107841,acres82Q2
281895,acres82Q2
298547,acres82Q2
186685,acres82Q2
143104,acres82Q2
186829,acres82Q2
382714,acres82Q3
268075,acres82Q2
142856,acres82Q2
173861,acres82Q2
484751,acres82Q3
219444,acres82Q2
79803,acres82Q1
69422,acres82Q1
102560,acres82Q2
32003,acres82Q1
67044,acres82Q1
357416,acres82Q2
70872,acres82Q1
404585,acres82Q3
122871,acres82Q2
156363,acres82Q2
313232,acres82Q2
111895,acres82Q2
253948,acres82Q2
305401,acres82Q2
45609,acres82Q1
114762,acres82Q2
195510,acres82Q2
115019,acres82Q2
131353,acres82Q2
159013,acres82Q2
136309,acres82Q2
31190,acres82Q1
119930,acres82Q2
352322,acres82Q2
358904,acres82Q3
274843,acres82Q2
190363,acres82Q2
5785707,acres82Q4
1891644,acres82Q4
5989961,acres82Q4
1151284,acres82Q4
1846497,acres82Q4
137834,acres82Q2
246038,acres82Q1
729947,acres82Q4
1981938,acres82Q4
7229585,acres82Q4
3472248,acres82Q4
1902452,acres82Q4
334284,acres82Q3
2108834,acres82Q4
229365,acres82Q3
286288,acres82Q2
4768,acres82Q1
236222,acres82Q2
452347,acres82Q3
246077,acres82Q2
450236,acres82Q3
163036,acres82Q2
12594,acres82Q1
102028,acres82Q2
1774664,acres82Q4
473920,acres82Q3
597766,acres82Q3
532866,acres82Q3
247550,acres82Q2
2839531,acres82Q4
775829,acres82Q3
164130,acres82Q2
487499,acres82Q3
183569,acres82Q2
749465,acres82Q3
168879,acres82Q2
206138,acres82Q2
725118,acres82Q3
978831,acres82Q4
686876,acres82Q3
103294,acres82Q1
1372778,acres82Q4
235290,acres82Q2
72471,acres82Q1
60740,acres82Q2
137723,acres82Q2
119514,acres82Q2
423602,acres82Q3
379044,acres82Q3
600073,acres82Q3
1287057,acres82Q4
517860,acres82Q3
7,acres82Q1
783715,acres82Q3
1324403,acres82Q4
57418,acres82Q1
836989,acres82Q3
342653,acres82Q2
52905,acres82Q1
388084,acres82Q3
55446,acres82Q1
647446,acres82Q3
340328,acres82Q2
517114,acres82Q3
759649,acres82Q3
318156,acres82Q2
1016851,acres82Q4
116083,acres82Q2
1354262,acres82Q4
137530,acres82Q2
320597,acres82Q2
518907,acres82Q3
234781,acres82Q2
685813,acres82Q3
207448,acres82Q2
322823,acres82Q2
155465,acres82Q2
1257229,acres82Q4
796892,acres82Q3
157493,acres82Q2
84172,acres82Q2
914094,acres82Q3
7129,acres82Q1
304592,acres82Q2
330826,acres82Q2
423785,acres82Q3
156801,acres82Q2
260728,acres82Q2
167106,acres82Q2
231364,acres82Q2
213004,acres82Q2
1105614,acres82Q3
857404,acres82Q3
331639,acres82Q2
440581,acres82Q3
13296,acres82Q1
299142,acres82Q2
177333,acres82Q2
9021,acres82Q1
641755,acres82Q3
472018,acres82Q3
103470,acres82Q2
878447,acres82Q3
1341738,acres82Q4
14411,acres82Q1
587339,acres82Q3
540412,acres82Q3
2286947,acres82Q4
1660146,acres82Q4
1066453,acres82Q4
420233,acres82Q3
15539,acres82Q1
1159813,acres82Q4
834018,acres82Q3
447412,acres82Q3
751517,acres82Q3
633279,acres82Q3
119287,acres82Q2
388902,acres82Q3
459659,acres82Q3
32072,acres82Q1
1004360,acres82Q3
896994,acres82Q3
546538,acres82Q3
219612,acres82Q2
576397,acres82Q3
462086,acres82Q3
200674,acres82Q2
310394,acres82Q2
38467,acres82Q1
104010,acres82Q1
1333577,acres82Q4
2086292,acres82Q4
1433111,acres82Q4
9975,acres82Q1
56510,acres82Q1
86581,acres82Q2
19830,acres82Q1
25882,acres82Q1
65987,acres82Q1
38715,acres82Q1
55263,acres82Q1
197375,acres82Q2
87134,acres82Q2
304680,acres82Q2
191140,acres82Q2
24489,acres82Q1
9135,acres82Q1
36230,acres82Q1
199724,acres82Q2
23735,acres82Q1
43314,acres82Q1
227202,acres82Q2
70672,acres82Q1
86026,acres82Q2
301977,acres82Q2
96968,acres82Q2
83681,acres82Q1
334623,acres82Q2
31693,acres82Q2
40039,acres82Q1
57179,acres82Q1
52259,acres82Q2
57853,acres82Q1
70987,acres82Q1
369965,acres82Q3
14203,acres82Q1
69405,acres82Q1
327611,acres82Q2
529835,acres82Q3
61019,acres82Q1
483835,acres82Q3
265443,acres82Q2
86706,acres82Q2
174673,acres82Q2
244185,acres82Q2
118352,acres82Q2
95833,acres82Q1
199098,acres82Q2
106721,acres82Q2
100764,acres82Q2
190553,acres82Q2
11738,acres82Q1
132208,acres82Q2
299699,acres82Q2
296242,acres82Q2
190788,acres82Q2
44962,acres82Q1
56704,acres82Q1
351885,acres82Q3
138418,acres82Q2
716542,acres82Q3
637934,acres82Q3
221232,acres82Q2
4123,acres82Q1
611336,acres82Q3
105621,acres82Q2
48839,acres82Q1
300622,acres82Q2
79270,acres82Q1
151242,acres82Q2
59642,acres82Q1
253330,acres82Q2
161936,acres82Q2
48280,acres82Q1
138208,acres82Q2
8679,acres82Q1
96730,acres82Q2
45214,acres82Q1
105538,acres82Q2
77659,acres82Q1
78739,acres82Q1
108840,acres82Q2
32976,acres82Q1
49397,acres82Q1
35851,acres82Q1
85075,acres82Q2
47071,acres82Q1
129216,acres82Q2
17105,acres82Q1
62983,acres82Q1
27561,acres82Q1
168861,acres82Q2
15948,acres82Q1
213943,acres82Q2
166511,acres82Q2
29213,acres82Q1
113861,acres82Q2
17944,acres82Q1
57074,acres82Q1
82549,acres82Q1
29451,acres82Q1
21697,acres82Q1
8518,acres82Q1
5901,acres82Q1
52651,acres82Q1
33641,acres82Q1
11559,acres82Q1
42678,acres82Q1
4519,acres82Q1
13563,acres82Q1
10192,acres82Q1
178861,acres82Q2
198184,acres82Q2
26984,acres82Q1
72636,acres82Q1
41972,acres82Q1
37973,acres82Q1
109923,acres82Q2
25802,acres82Q1
19060,acres82Q1
168593,acres82Q2
3046,acres82Q1
97215,acres82Q2
156805,acres82Q2
71135,acres82Q2
8151,acres82Q1
184137,acres82Q2
16362,acres82Q1
43775,acres82Q1
54233,acres82Q1
123702,acres82Q2
40608,acres82Q1
15577,acres82Q1
22212,acres82Q1
73659,acres82Q1
36260,acres82Q1
74641,acres82Q1
21975,acres82Q1
25376,acres82Q1
28535,acres82Q1
9681,acres82Q1
73869,acres82Q1
137637,acres82Q2
46748,acres82Q1
24239,acres82Q1
36074,acres82Q1
53944,acres82Q1
35387,acres82Q1
31529,acres82Q1
31037,acres82Q1
58529,acres82Q1
24242,acres82Q1
45624,acres82Q1
73417,acres82Q2
135247,acres82Q2
83074,acres82Q1
60811,acres82Q1
72626,acres82Q2
136082,acres82Q2
77532,acres82Q2
71379,acres82Q1
31394,acres82Q1
39712,acres82Q1
40955,acres82Q1
168051,acres82Q2
104768,acres82Q2
15583,acres82Q1
32657,acres82Q1
11969,acres82Q1
73023,acres82Q2
23284,acres82Q1
33785,acres82Q1
8003,acres82Q1
120839,acres82Q2
61757,acres82Q1
45448,acres82Q1
68729,acres82Q1
121588,acres82Q2
205573,acres82Q2
44599,acres82Q1
64901,acres82Q1
93061,acres82Q2
32950,acres82Q1
4870,acres82Q1
45845,acres82Q1
51836,acres82Q1
55310,acres82Q1
18644,acres82Q1
44470,acres82Q1
18254,acres82Q1
80905,acres82Q2
45450,acres82Q1
46014,acres82Q1
80396,acres82Q1
34746,acres82Q1
11559,acres82Q1
12733,acres82Q1
95876,acres82Q2
15974,acres82Q1
12836,acres82Q1
37923,acres82Q1
138803,acres82Q2
108967,acres82Q2
24086,acres82Q1
15521,acres82Q1
49043,acres82Q1
169989,acres82Q2
38313,acres82Q1
19314,acres82Q1
119873,acres82Q2
54356,acres82Q1
71097,acres82Q2
142824,acres82Q2
174020,acres82Q2
114487,acres82Q2
88811,acres82Q2
9910,acres82Q1
32800,acres82Q1
40783,acres82Q1
98824,acres82Q2
31161,acres82Q1
21973,acres82Q1
32865,acres82Q1
88829,acres82Q2
55779,acres82Q1
53895,acres82Q1
47000,acres82Q1
111801,acres82Q2
54445,acres82Q1
53291,acres82Q1
48755,acres82Q1
24127,acres82Q1
38691,acres82Q1
115516,acres82Q2
93078,acres82Q2
31838,acres82Q1
200061,acres82Q2
926607,acres82Q4
91998,acres82Q2
214452,acres82Q2
355786,acres82Q3
328970,acres82Q2
239800,acres82Q2
321728,acres82Q2
238609,acres82Q2
268506,acres82Q2
427215,acres82Q3
299502,acres82Q2
330080,acres82Q2
236668,acres82Q2
333115,acres82Q2
341923,acres82Q2
315448,acres82Q2
345567,acres82Q2
359755,acres82Q2
347353,acres82Q2
338801,acres82Q2
308497,acres82Q2
336254,acres82Q2
274905,acres82Q2
236409,acres82Q2
314812,acres82Q2
456954,acres82Q3
368114,acres82Q3
415104,acres82Q3
312173,acres82Q2
275319,acres82Q2
261494,acres82Q2
336131,acres82Q2
192467,acres82Q2
202249,acres82Q2
343870,acres82Q2
224811,acres82Q2
401625,acres82Q3
287586,acres82Q2
343367,acres82Q2
302352,acres82Q2
366927,acres82Q2
317205,acres82Q2
328885,acres82Q2
332377,acres82Q2
329151,acres82Q2
332358,acres82Q2
399155,acres82Q3
225835,acres82Q2
260781,acres82Q2
280797,acres82Q2
272831,acres82Q2
321285,acres82Q2
346569,acres82Q2
431185,acres82Q3
227073,acres82Q2
284537,acres82Q2
321950,acres82Q2
322401,acres82Q2
615034,acres82Q3
266083,acres82Q2
349252,acres82Q2
191291,acres82Q2
219370,acres82Q2
347599,acres82Q2
305685,acres82Q2
314887,acres82Q2
268520,acres82Q2
312858,acres82Q2
237862,acres82Q2
263047,acres82Q2
392835,acres82Q2
223638,acres82Q2
240100,acres82Q2
219832,acres82Q2
362109,acres82Q2
260780,acres82Q2
318778,acres82Q2
338730,acres82Q2
518247,acres82Q3
359442,acres82Q2
229818,acres82Q2
542855,acres82Q3
340982,acres82Q2
293266,acres82Q2
364172,acres82Q2
233217,acres82Q2
353570,acres82Q2
495769,acres82Q3
331211,acres82Q2
401858,acres82Q3
278922,acres82Q2
236265,acres82Q2
241422,acres82Q2
195021,acres82Q2
302487,acres82Q2
309508,acres82Q2
282723,acres82Q2
408462,acres82Q3
231977,acres82Q2
357684,acres82Q3
442247,acres82Q3
224632,acres82Q2
353683,acres82Q2
232879,acres82Q2
221209,acres82Q2
325338,acres82Q2
269435,acres82Q2
111510,acres82Q2
1371605,acres82Q3
266293,acres82Q2
80333,acres82Q1
150021,acres82Q2
453647,acres82Q3
72664,acres82Q1
159358,acres82Q2
129490,acres82Q2
391050,acres82Q2
587693,acres82Q3
666342,acres82Q3
286711,acres82Q2
103246,acres82Q2
140701,acres82Q2
353528,acres82Q2
230086,acres82Q2
380928,acres82Q3
197176,acres82Q2
227114,acres82Q2
744295,acres82Q3
311296,acres82Q2
207552,acres82Q2
131281,acres82Q2
347293,acres82Q2
193908,acres82Q2
211039,acres82Q2
132429,acres82Q2
224369,acres82Q2
208161,acres82Q2
477839,acres82Q3
271143,acres82Q2
752032,acres82Q3
148776,acres82Q2
435069,acres82Q3
4428,acres82Q1
134788,acres82Q2
489993,acres82Q3
78813,acres82Q2
556131,acres82Q3
464834,acres82Q3
69354,acres82Q1
182572,acres82Q2
135163,acres82Q2
144435,acres82Q2
482169,acres82Q3
99675,acres82Q2
238906,acres82Q2
209437,acres82Q2
571807,acres82Q3
390149,acres82Q3
259923,acres82Q2
223764,acres82Q2
229120,acres82Q2
263425,acres82Q2
40917,acres82Q1
223561,acres82Q2
176012,acres82Q2
377512,acres82Q3
206271,acres82Q2
259498,acres82Q2
18206,acres82Q1
354480,acres82Q2
116312,acres82Q2
257761,acres82Q2
341274,acres82Q2
300127,acres82Q2
160533,acres82Q2
431415,acres82Q3
171938,acres82Q2
303715,acres82Q2
225506,acres82Q2
201567,acres82Q2
433246,acres82Q3
37976,acres82Q1
203974,acres82Q2
453944,acres82Q3
662629,acres82Q3
186425,acres82Q2
258014,acres82Q2
217191,acres82Q2
180675,acres82Q2
290454,acres82Q2
94681,acres82Q2
203590,acres82Q2
358920,acres82Q2
178222,acres82Q2
385560,acres82Q3
73142,acres82Q1
612112,acres82Q3
169292,acres82Q2
414442,acres82Q3
637551,acres82Q3
369952,acres82Q2
344649,acres82Q2
249240,acres82Q2
709106,acres82Q3
310518,acres82Q2
402310,acres82Q3
299709,acres82Q2
253916,acres82Q2
203749,acres82Q2
282222,acres82Q2
98838,acres82Q2
164158,acres82Q2
312128,acres82Q2
187039,acres82Q2
371936,acres82Q3
311266,acres82Q2
184599,acres82Q2
392639,acres82Q3
261482,acres82Q2
167602,acres82Q2
251277,acres82Q2
443475,acres82Q3
67998,acres82Q1
82426,acres82Q1
78081,acres82Q1
270598,acres82Q2
188999,acres82Q2
175847,acres82Q2
264140,acres82Q2
141703,acres82Q2
446750,acres82Q3
207388,acres82Q2
128867,acres82Q2
402212,acres82Q3
169622,acres82Q2
314886,acres82Q2
336450,acres82Q2
119370,acres82Q2
488215,acres82Q3
115517,acres82Q2
317467,acres82Q2
297003,acres82Q2
333238,acres82Q2
234973,acres82Q2
399312,acres82Q3
325227,acres82Q2
89591,acres82Q1
203428,acres82Q2
295844,acres82Q2
197724,acres82Q2
285730,acres82Q2
165091,acres82Q2
270618,acres82Q2
87329,acres82Q1
223429,acres82Q2
22555,acres82Q1
220057,acres82Q2
227711,acres82Q2
105658,acres82Q2
162433,acres82Q2
236073,acres82Q2
59734,acres82Q1
222435,acres82Q2
86236,acres82Q2
202429,acres82Q2
153213,acres82Q2
169265,acres82Q2
193381,acres82Q2
192311,acres82Q2
111500,acres82Q2
29837,acres82Q1
229097,acres82Q2
148662,acres82Q2
194312,acres82Q2
241049,acres82Q2
196537,acres82Q2
207766,acres82Q2
162670,acres82Q2
163248,acres82Q2
161745,acres82Q2
187079,acres82Q2
190798,acres82Q2
148609,acres82Q2
187955,acres82Q2
202896,acres82Q2
301962,acres82Q2
182836,acres82Q2
130826,acres82Q2
124694,acres82Q2
139638,acres82Q2
305634,acres82Q2
251603,acres82Q2
187549,acres82Q2
144305,acres82Q2
267695,acres82Q2
158788,acres82Q2
223328,acres82Q2
38783,acres82Q1
219402,acres82Q2
71596,acres82Q1
188843,acres82Q2
59282,acres82Q1
282764,acres82Q2
139523,acres82Q2
206885,acres82Q2
184118,acres82Q2
32318,acres82Q1
116068,acres82Q2
113129,acres82Q2
181653,acres82Q2
80078,acres82Q1
85366,acres82Q1
142482,acres82Q2
220959,acres82Q2
242777,acres82Q2
204165,acres82Q2
236436,acres82Q2
164025,acres82Q2
233183,acres82Q2
172348,acres82Q2
63332,acres82Q1
217288,acres82Q2
175124,acres82Q2
134960,acres82Q2
121710,acres82Q2
181020,acres82Q2
79235,acres82Q1
257351,acres82Q2
160930,acres82Q2
80069,acres82Q1
80958,acres82Q1
119318,acres82Q2
144722,acres82Q2
197947,acres82Q2
201739,acres82Q2
96219,acres82Q2
189136,acres82Q2
189467,acres82Q2
198680,acres82Q2
285169,acres82Q2
162244,acres82Q2
282862,acres82Q2
378517,acres82Q2
245099,acres82Q2
639327,acres82Q3
580199,acres82Q3
337300,acres82Q2
339138,acres82Q2
765688,acres82Q3
351941,acres82Q3
386881,acres82Q2
271015,acres82Q2
592207,acres82Q3
565274,acres82Q3
380969,acres82Q2
407464,acres82Q3
353371,acres82Q2
486997,acres82Q3
627612,acres82Q3
302849,acres82Q2
526064,acres82Q3
514436,acres82Q3
201798,acres82Q2
222028,acres82Q2
403375,acres82Q3
324063,acres82Q2
547483,acres82Q3
442362,acres82Q3
745371,acres82Q3
671223,acres82Q3
316317,acres82Q2
164081,acres82Q2
671506,acres82Q3
512728,acres82Q3
341608,acres82Q2
517623,acres82Q3
424104,acres82Q3
603755,acres82Q3
532890,acres82Q3
499112,acres82Q3
319686,acres82Q2
366764,acres82Q2
479903,acres82Q3
340035,acres82Q2
271713,acres82Q2
484823,acres82Q3
141386,acres82Q2
517376,acres82Q3
544071,acres82Q3
399835,acres82Q3
346519,acres82Q2
419423,acres82Q3
206530,acres82Q2
482434,acres82Q3
273841,acres82Q2
603177,acres82Q3
485656,acres82Q3
537914,acres82Q3
588061,acres82Q3
572989,acres82Q3
596103,acres82Q3
286989,acres82Q2
479310,acres82Q3
323769,acres82Q2
409839,acres82Q3
427403,acres82Q3
441417,acres82Q3
326716,acres82Q2
668420,acres82Q3
465527,acres82Q3
349293,acres82Q3
547369,acres82Q3
380403,acres82Q3
449151,acres82Q3
582053,acres82Q3
451362,acres82Q3
432326,acres82Q3
641109,acres82Q3
700869,acres82Q3
443290,acres82Q3
432701,acres82Q3
228178,acres82Q2
578283,acres82Q3
427459,acres82Q3
463690,acres82Q3
403276,acres82Q3
484415,acres82Q3
510319,acres82Q3
328094,acres82Q2
227349,acres82Q2
535359,acres82Q3
620144,acres82Q3
537457,acres82Q3
436242,acres82Q3
411785,acres82Q3
450829,acres82Q3
687593,acres82Q3
702549,acres82Q3
484093,acres82Q3
423064,acres82Q3
471658,acres82Q3
521110,acres82Q3
443802,acres82Q3
312717,acres82Q2
265978,acres82Q2
22553,acres82Q1
177858,acres82Q2
156590,acres82Q2
90033,acres82Q1
111913,acres82Q2
248634,acres82Q2
132979,acres82Q2
5419,acres82Q1
80864,acres82Q2
206881,acres82Q2
27836,acres82Q1
108291,acres82Q2
99009,acres82Q2
42602,acres82Q1
266730,acres82Q2
60911,acres82Q1
140810,acres82Q2
128807,acres82Q2
137337,acres82Q2
43447,acres82Q1
78966,acres82Q1
60812,acres82Q1
112831,acres82Q2
192189,acres82Q2
299321,acres82Q2
144904,acres82Q2
68373,acres82Q1
75409,acres82Q1
125133,acres82Q2
108777,acres82Q2
250128,acres82Q2
92487,acres82Q1
60294,acres82Q1
69310,acres82Q1
147154,acres82Q2
193859,acres82Q2
10919,acres82Q1
86074,acres82Q2
96829,acres82Q2
41352,acres82Q1
138061,acres82Q2
127161,acres82Q2
210275,acres82Q2
206090,acres82Q2
134811,acres82Q2
100468,acres82Q1
69711,acres82Q1
226206,acres82Q2
4854,acres82Q1
178217,acres82Q2
200455,acres82Q2
197826,acres82Q2
159966,acres82Q2
99066,acres82Q2
144828,acres82Q2
80692,acres82Q1
44709,acres82Q1
98545,acres82Q1
23062,acres82Q1
44188,acres82Q1
3224,acres82Q1
46321,acres82Q1
120959,acres82Q2
99527,acres82Q2
48509,acres82Q1
20803,acres82Q1
1501,acres82Q1
3383,acres82Q1
159710,acres82Q2
173892,acres82Q2
119218,acres82Q2
278675,acres82Q2
49509,acres82Q1
62766,acres82Q1
13887,acres82Q1
135179,acres82Q2
247266,acres82Q2
45133,acres82Q1
175541,acres82Q2
76141,acres82Q1
5256,acres82Q1
144254,acres82Q2
119533,acres82Q2
42642,acres82Q1
133173,acres82Q2
136869,acres82Q2
165917,acres82Q2
113383,acres82Q2
105068,acres82Q2
117868,acres82Q2
191002,acres82Q2
112409,acres82Q2
159794,acres82Q2
84434,acres82Q1
176828,acres82Q2
35712,acres82Q1
127403,acres82Q2
4469,acres82Q1
6158,acres82Q1
33155,acres82Q1
218145,acres82Q2
53022,acres82Q1
92782,acres82Q1
49712,acres82Q1
91365,acres82Q2
154082,acres82Q2
229838,acres82Q2
117768,acres82Q2
93887,acres82Q2
128719,acres82Q2
165015,acres82Q2
111866,acres82Q2
71324,acres82Q1
196701,acres82Q2
252817,acres82Q2
165391,acres82Q2
135850,acres82Q2
140432,acres82Q2
44548,acres82Q1
61145,acres82Q1
123655,acres82Q2
267511,acres82Q2
117599,acres82Q2
63446,acres82Q1
67928,acres82Q1
256118,acres82Q2
136534,acres82Q2
51401,acres82Q1
110637,acres82Q2
170353,acres82Q2
327511,acres82Q2
66380,acres82Q1
258035,acres82Q2
250607,acres82Q2
63674,acres82Q1
227698,acres82Q2
147826,acres82Q2
79150,acres82Q1
194044,acres82Q2
136812,acres82Q2
176952,acres82Q2
264321,acres82Q2
44490,acres82Q1
110173,acres82Q2
81401,acres82Q1
17086,acres82Q1
4127,acres82Q1
291526,acres82Q2
87574,acres82Q1
132678,acres82Q2
27469,acres82Q1
58730,acres82Q1
36059,acres82Q1
246536,acres82Q2
241731,acres82Q2
182605,acres82Q2
100,acres82Q1
74678,acres82Q1
46110,acres82Q1
193137,acres82Q2
210570,acres82Q2
97643,acres82Q2
247106,acres82Q2
57789,acres82Q1
6166,acres82Q1
23185,acres82Q1
50319,acres82Q1
42922,acres82Q1
17347,acres82Q1
283135,acres82Q2
70936,acres82Q1
81747,acres82Q1
40181,acres82Q1
126886,acres82Q2
245986,acres82Q2
44146,acres82Q1
61883,acres82Q1
316691,acres82Q2
51799,acres82Q1
116221,acres82Q2
58790,acres82Q1
38566,acres82Q1
126839,acres82Q2
86856,acres82Q2
23089,acres82Q1
5340,acres82Q1
60980,acres82Q1
34235,acres82Q1
5757,acres82Q1
25470,acres82Q1
74484,acres82Q1
37477,acres82Q1
53459,acres82Q1
31583,acres82Q1
9882,acres82Q1
72247,acres82Q1
114805,acres82Q2
37802,acres82Q1
43320,acres82Q1
83232,acres82Q2
37320,acres82Q1
126981,acres82Q2
157505,acres82Q2
80241,acres82Q1
59389,acres82Q1
123762,acres82Q2
222768,acres82Q2
110699,acres82Q2
97312,acres82Q2
44623,acres82Q1
131283,acres82Q2
82470,acres82Q2
54459,acres82Q1
165349,acres82Q2
77491,acres82Q2
55657,acres82Q1
109108,acres82Q2
123932,acres82Q2
91254,acres82Q2
107519,acres82Q2
62242,acres82Q1
334040,acres82Q3
53893,acres82Q1
38853,acres82Q1
50076,acres82Q1
95402,acres82Q2
27622,acres82Q1
24350,acres82Q1
63473,acres82Q1
118152,acres82Q2
35988,acres82Q1
18793,acres82Q1
106971,acres82Q2
71890,acres82Q1
94755,acres82Q1
61797,acres82Q1
42572,acres82Q1
16099,acres82Q1
246403,acres82Q2
77493,acres82Q1
51517,acres82Q1
82418,acres82Q1
14104,acres82Q1
165371,acres82Q2
181052,acres82Q2
19844,acres82Q1
166886,acres82Q2
227665,acres82Q2
244927,acres82Q2
186431,acres82Q2
41037,acres82Q1
40871,acres82Q1
92809,acres82Q2
64084,acres82Q1
256236,acres82Q2
1402,acres82Q1
72777,acres82Q1
28415,acres82Q1
233921,acres82Q2
40365,acres82Q1
137082,acres82Q2
61535,acres82Q1
5965,acres82Q1
66789,acres82Q1
277400,acres82Q2
231557,acres82Q2
29161,acres82Q1
438914,acres82Q3
193688,acres82Q2
254793,acres82Q2
47308,acres82Q1
29763,acres82Q1
199733,acres82Q2
210638,acres82Q2
154482,acres82Q2
16076,acres82Q1
190706,acres82Q2
264,acres82Q1
18047,acres82Q1
193956,acres82Q2
64973,acres82Q1
336273,acres82Q2
118764,acres82Q2
9391,acres82Q1
22178,acres82Q1
70306,acres82Q1
48029,acres82Q1
23290,acres82Q1
73437,acres82Q1
121153,acres82Q2
110014,acres82Q2
89173,acres82Q1
88322,acres82Q1
217095,acres82Q2
224030,acres82Q2
22056,acres82Q1
73661,acres82Q1
115338,acres82Q2
48236,acres82Q1
129083,acres82Q2
75345,acres82Q1
32980,acres82Q1
108726,acres82Q2
14081,acres82Q1
36272,acres82Q1
176305,acres82Q2
79921,acres82Q1
3786,acres82Q1
318125,acres82Q2
181569,acres82Q2
234823,acres82Q2
444407,acres82Q3
13908,acres82Q1
236799,acres82Q2
324111,acres82Q2
206781,acres82Q2
188958,acres82Q2
22488,acres82Q1
31427,acres82Q1
168073,acres82Q2
61832,acres82Q1
377693,acres82Q3
224923,acres82Q2
183760,acres82Q2
262207,acres82Q2
383373,acres82Q3
347420,acres82Q2
113422,acres82Q2
165961,acres82Q2
200199,acres82Q2
326804,acres82Q2
138594,acres82Q2
566981,acres82Q3
210897,acres82Q2
1249,acres82Q1
374920,acres82Q2
130683,acres82Q2
221193,acres82Q2
241148,acres82Q2
260125,acres82Q2
414710,acres82Q3
443496,acres82Q3
366534,acres82Q3
379603,acres82Q3
269147,acres82Q2
79183,acres82Q2
272049,acres82Q2
112412,acres82Q2
131563,acres82Q2
107810,acres82Q2
401039,acres82Q3
145545,acres82Q2
360500,acres82Q3
482991,acres82Q3
68778,acres82Q1
405029,acres82Q3
5262,acres82Q1
103665,acres82Q2
205031,acres82Q2
255453,acres82Q2
395023,acres82Q3
250507,acres82Q2
186573,acres82Q2
744710,acres82Q3
412660,acres82Q3
301111,acres82Q2
142432,acres82Q2
422916,acres82Q3
392615,acres82Q3
375628,acres82Q2
241930,acres82Q2
416570,acres82Q3
457670,acres82Q3
305831,acres82Q2
821073,acres82Q3
280089,acres82Q2
263274,acres82Q2
252658,acres82Q2
1042850,acres82Q4
310135,acres82Q2
2142,acres82Q1
183208,acres82Q2
491726,acres82Q3
600114,acres82Q3
227519,acres82Q2
270332,acres82Q2
536299,acres82Q3
153188,acres82Q2
131753,acres82Q2
117701,acres82Q2
311849,acres82Q2
643762,acres82Q3
231610,acres82Q2
286337,acres82Q2
389897,acres82Q3
395071,acres82Q3
310184,acres82Q2
245686,acres82Q2
171412,acres82Q2
237239,acres82Q2
100774,acres82Q2
249731,acres82Q2
420778,acres82Q3
290627,acres82Q2
272540,acres82Q2
407953,acres82Q3
267066,acres82Q2
227156,acres82Q2
304032,acres82Q2
377059,acres82Q3
292426,acres82Q2
311161,acres82Q2
430451,acres82Q3
239298,acres82Q2
197530,acres82Q2
271914,acres82Q2
181292,acres82Q2
255498,acres82Q2
232189,acres82Q2
339372,acres82Q2
163076,acres82Q2
252890,acres82Q2
377000,acres82Q3
54767,acres82Q1
325796,acres82Q2
187856,acres82Q2
403597,acres82Q3
211148,acres82Q2
244810,acres82Q2
130358,acres82Q2
207611,acres82Q2
187239,acres82Q2
298709,acres82Q2
201670,acres82Q2
252783,acres82Q2
227783,acres82Q2
278841,acres82Q2
210829,acres82Q2
219440,acres82Q2
300970,acres82Q2
288810,acres82Q2
296281,acres82Q2
196959,acres82Q2
245827,acres82Q2
285496,acres82Q2
226336,acres82Q2
399193,acres82Q3
321181,acres82Q2
174314,acres82Q2
232592,acres82Q2
238909,acres82Q2
372292,acres82Q2
68596,acres82Q1
134196,acres82Q2
281327,acres82Q2
119595,acres82Q2
371022,acres82Q3
268447,acres82Q2
304560,acres82Q2
356164,acres82Q2
332910,acres82Q2
249046,acres82Q2
253281,acres82Q2
337893,acres82Q2
270576,acres82Q2
199292,acres82Q2
381934,acres82Q3
111549,acres82Q2
233304,acres82Q2
219894,acres82Q2
210253,acres82Q2
242018,acres82Q2
265245,acres82Q2
217116,acres82Q2
306175,acres82Q2
224716,acres82Q2
201714,acres82Q2
368849,acres82Q2
256023,acres82Q2
507875,acres82Q3
252074,acres82Q2
316809,acres82Q2
250475,acres82Q2
291846,acres82Q2
209452,acres82Q2
359434,acres82Q2
200766,acres82Q2
323465,acres82Q2
188595,acres82Q2
345673,acres82Q2
138986,acres82Q2
254493,acres82Q2
228936,acres82Q2
221122,acres82Q2
277322,acres82Q2
89683,acres82Q2
152529,acres82Q2
204171,acres82Q2
257217,acres82Q2
168586,acres82Q2
116910,acres82Q2
54082,acres82Q1
414394,acres82Q3
165225,acres82Q2
216694,acres82Q2
219042,acres82Q2
120036,acres82Q2
273393,acres82Q2
438142,acres82Q3
137747,acres82Q2
329999,acres82Q2
160576,acres82Q2
459671,acres82Q3
402202,acres82Q3
126474,acres82Q2
111850,acres82Q2
93053,acres82Q2
289729,acres82Q2
134028,acres82Q2
316617,acres82Q2
79981,acres82Q2
78653,acres82Q1
112896,acres82Q2
107526,acres82Q2
91367,acres82Q1
426584,acres82Q3
127351,acres82Q2
151743,acres82Q2
149027,acres82Q2
42712,acres82Q1
88522,acres82Q2
68663,acres82Q1
126352,acres82Q2
294547,acres82Q2
126613,acres82Q2
79962,acres82Q2
139591,acres82Q2
37147,acres82Q1
46532,acres82Q1
43498,acres82Q1
49282,acres82Q1
99726,acres82Q2
30050,acres82Q1
16665,acres82Q1
230838,acres82Q2
223406,acres82Q2
180102,acres82Q2
113734,acres82Q2
76673,acres82Q2
24845,acres82Q1
89168,acres82Q2
66257,acres82Q2
80902,acres82Q1
96919,acres82Q2
93352,acres82Q2
98816,acres82Q2
53401,acres82Q1
80683,acres82Q1
62833,acres82Q1
95736,acres82Q2
140209,acres82Q2
262371,acres82Q2
98914,acres82Q2
125713,acres82Q2
198955,acres82Q2
89816,acres82Q2
182009,acres82Q2
175231,acres82Q2
80272,acres82Q2
137267,acres82Q2
96474,acres82Q2
201759,acres82Q2
80761,acres82Q2
218154,acres82Q2
93180,acres82Q2
31587,acres82Q1
80342,acres82Q2
124202,acres82Q2
86096,acres82Q2
186297,acres82Q2
118651,acres82Q2
110124,acres82Q2
181946,acres82Q2
96540,acres82Q2
95121,acres82Q2
32666,acres82Q1
361003,acres82Q3
273117,acres82Q2
141245,acres82Q2
108314,acres82Q2
40676,acres82Q1
230524,acres82Q2
100433,acres82Q2
108236,acres82Q2
114083,acres82Q2
342237,acres82Q2
72515,acres82Q1
75551,acres82Q1
89807,acres82Q2
83445,acres82Q2
78230,acres82Q2
361634,acres82Q2
1342484,acres82Q4
3002378,acres82Q4
2338866,acres82Q4
449970,acres82Q3
598694,acres82Q3
1619482,acres82Q4
1424228,acres82Q4
2277936,acres82Q4
2085181,acres82Q4
761459,acres82Q3
1334041,acres82Q4
135126,acres82Q2
944497,acres82Q3
2232575,acres82Q4
277050,acres82Q2
699409,acres82Q3
2000266,acres82Q4
1730537,acres82Q4
636514,acres82Q3
349938,acres82Q2
1644001,acres82Q4
367482,acres82Q3
868064,acres82Q3
631377,acres82Q3
883479,acres82Q3
951780,acres82Q3
50220,acres82Q1
1290134,acres82Q4
1271160,acres82Q4
912154,acres82Q3
19158,acres82Q1
248215,acres82Q2
1031872,acres82Q4
777803,acres82Q3
669516,acres82Q3
1968857,acres82Q4
893872,acres82Q3
1629363,acres82Q4
675569,acres82Q3
683088,acres82Q3
241655,acres82Q2
1197028,acres82Q4
1414415,acres82Q4
2585834,acres82Q4
381104,acres82Q3
962450,acres82Q4
99746,acres82Q2
889294,acres82Q3
837904,acres82Q3
1178885,acres82Q4
1063086,acres82Q4
599014,acres82Q3
1688070,acres82Q4
850599,acres82Q3
490988,acres82Q3
1454669,acres82Q4
101073,acres82Q2
52974,acres82Q1
72621,acres82Q1
70697,acres82Q2
104426,acres82Q2
19712,acres82Q1
144529,acres82Q2
170006,acres82Q2
127760,acres82Q2
39667,acres82Q1
93584,acres82Q2
31671,acres82Q1
63067,acres82Q1
31184,acres82Q1
43056,acres82Q1
64031,acres82Q1
125428,acres82Q2
62854,acres82Q1
108363,acres82Q2
23929,acres82Q1
53902,acres82Q1
16405,acres82Q1
93970,acres82Q2
162634,acres82Q2
88386,acres82Q1
98531,acres82Q2
41750,acres82Q1
92192,acres82Q2
68718,acres82Q1
248518,acres82Q2
19676,acres82Q1
180400,acres82Q2
47837,acres82Q1
118291,acres82Q2
34717,acres82Q1
64532,acres82Q1
8882,acres82Q1
156027,acres82Q2
112291,acres82Q2
113654,acres82Q2
204443,acres82Q2
127663,acres82Q2
69961,acres82Q1
52281,acres82Q1
75496,acres82Q1
56693,acres82Q1
93728,acres82Q2
148135,acres82Q2
13310,acres82Q1
230402,acres82Q2
68577,acres82Q1
37434,acres82Q1
141761,acres82Q2
58384,acres82Q1
21218,acres82Q1
22089,acres82Q1
93320,acres82Q2
131767,acres82Q2
27901,acres82Q1
23007,acres82Q1
36975,acres82Q1
86982,acres82Q1
179051,acres82Q2
3486,acres82Q1
155213,acres82Q2
63992,acres82Q1
67491,acres82Q1
44000,acres82Q1
83218,acres82Q1
65136,acres82Q1
68736,acres82Q1
115854,acres82Q2
194015,acres82Q2
23140,acres82Q1
144858,acres82Q2
51916,acres82Q1
292152,acres82Q2
130879,acres82Q2
104874,acres82Q2
55309,acres82Q1
266067,acres82Q2
53690,acres82Q1
89063,acres82Q2
104733,acres82Q2
121404,acres82Q2
12388,acres82Q1
67698,acres82Q1
167379,acres82Q2
67716,acres82Q1
119855,acres82Q2
87478,acres82Q1
102944,acres82Q2
46726,acres82Q1
179554,acres82Q2
115106,acres82Q2
142312,acres82Q2
103773,acres82Q2
38394,acres82Q1
594587,acres82Q3
858267,acres82Q3
777675,acres82Q3
818893,acres82Q3
950031,acres82Q3
677945,acres82Q3
559385,acres82Q3
877382,acres82Q3
1070528,acres82Q4
855458,acres82Q3
627774,acres82Q3
725974,acres82Q3
1352738,acres82Q4
369140,acres82Q2
834293,acres82Q3
366292,acres82Q3
505461,acres82Q3
769225,acres82Q3
1019300,acres82Q3
396154,acres82Q3
688468,acres82Q3
723816,acres82Q3
669049,acres82Q3
598832,acres82Q3
1048701,acres82Q4
544767,acres82Q3
1165695,acres82Q4
1128346,acres82Q4
531643,acres82Q3
1233663,acres82Q4
1000679,acres82Q3
552707,acres82Q3
384213,acres82Q2
600845,acres82Q3
586244,acres82Q3
639709,acres82Q3
485012,acres82Q3
503575,acres82Q3
799606,acres82Q3
522536,acres82Q3
495509,acres82Q3
521343,acres82Q3
745815,acres82Q3
785713,acres82Q3
841736,acres82Q3
439846,acres82Q3
1269572,acres82Q4
591185,acres82Q3
501057,acres82Q3
737273,acres82Q3
1160916,acres82Q4
750913,acres82Q3
1182658,acres82Q4
335465,acres82Q2
489384,acres82Q3
460156,acres82Q3
407678,acres82Q3
460513,acres82Q3
437826,acres82Q3
649612,acres82Q3
296164,acres82Q2
649634,acres82Q3
587595,acres82Q3
270005,acres82Q2
335849,acres82Q2
296016,acres82Q2
428769,acres82Q3
521389,acres82Q3
3887635,acres82Q4
772453,acres82Q3
357067,acres82Q2
228988,acres82Q2
345739,acres82Q2
1425338,acres82Q4
138022,acres82Q2
842110,acres82Q3
658572,acres82Q3
265048,acres82Q2
242898,acres82Q2
298854,acres82Q2
96093,acres82Q2
528731,acres82Q3
340471,acres82Q2
323315,acres82Q2
526476,acres82Q3
430972,acres82Q3
508754,acres82Q3
1069778,acres82Q4
338136,acres82Q2
229703,acres82Q2
545799,acres82Q3
304180,acres82Q2
316551,acres82Q2
321080,acres82Q2
305724,acres82Q2
401978,acres82Q3
403584,acres82Q3
1387740,acres82Q4
375188,acres82Q2
325330,acres82Q2
326831,acres82Q2
186806,acres82Q2
310042,acres82Q2
668957,acres82Q3
446007,acres82Q3
505150,acres82Q3
612694,acres82Q3
414763,acres82Q3
1450481,acres82Q4
335820,acres82Q2
330369,acres82Q2
464534,acres82Q3
322120,acres82Q2
290608,acres82Q2
724458,acres82Q3
236950,acres82Q2
226042,acres82Q2
333488,acres82Q2
325801,acres82Q2
223949,acres82Q2
532901,acres82Q3
375771,acres82Q3
297326,acres82Q2
409715,acres82Q3
250086,acres82Q2
439475,acres82Q3
301513,acres82Q2
657906,acres82Q3
312079,acres82Q2
105085,acres82Q2
437274,acres82Q3
417698,acres82Q3
314949,acres82Q2
1481503,acres82Q4
298115,acres82Q2
1005877,acres82Q4
217228,acres82Q2
347598,acres82Q2
360203,acres82Q2
193556,acres82Q2
339358,acres82Q2
228167,acres82Q2
248502,acres82Q2
307527,acres82Q2
263976,acres82Q2
345509,acres82Q2
20910,acres82Q1
25439,acres82Q1
33935,acres82Q1
46056,acres82Q1
75733,acres82Q1
39844,acres82Q1
46610,acres82Q1
34292,acres82Q1
24716,acres82Q1
38297,acres82Q1
29606,acres82Q1
2636,acres82Q1
97186,acres82Q2
7799,acres82Q1
11644,acres82Q1
68627,acres82Q1
613,acres82Q1
61748,acres82Q1
0,acres82Q1
106324,acres82Q2
35786,acres82Q1
25011,acres82Q1
58758,acres82Q1
23915,acres82Q1
10365,acres82Q1
1838,acres82Q1
98256,acres82Q1
43989,acres82Q1
75531,acres82Q1
325,acres82Q1
87638,acres82Q1
415263,acres82Q3
1553328,acres82Q4
3112271,acres82Q4
2080760,acres82Q4
2085387,acres82Q4
924678,acres82Q3
1343237,acres82Q4
526407,acres82Q3
1138681,acres82Q3
1209335,acres82Q4
1532887,acres82Q4
1289733,acres82Q4
843401,acres82Q4
2149450,acres82Q4
1881764,acres82Q4
3224090,acres82Q4
905235,acres82Q3
1166009,acres82Q4
1769177,acres82Q4
1552865,acres82Q4
1646707,acres82Q4
770155,acres82Q3
1896131,acres82Q4
2579730,acres82Q4
517952,acres82Q3
1233794,acres82Q4
1868074,acres82Q4
324476,acres82Q2
1797466,acres82Q4
2364443,acres82Q4
349231,acres82Q3
268043,acres82Q2
82100,acres82Q1
79635,acres82Q2
3149788,acres82Q4
1949420,acres82Q4
235826,acres82Q2
738041,acres82Q3
494304,acres82Q3
48968,acres82Q1
189223,acres82Q2
140380,acres82Q3
624606,acres82Q3
710618,acres82Q3
231758,acres82Q2
5361,acres82Q1
57889,acres82Q1
161643,acres82Q2
97869,acres82Q2
203704,acres82Q2
254002,acres82Q2
259540,acres82Q2
58963,acres82Q1
188008,acres82Q2
158392,acres82Q2
111974,acres82Q2
138620,acres82Q2
192116,acres82Q2
109692,acres82Q2
145679,acres82Q2
54986,acres82Q1
138299,acres82Q2
35343,acres82Q1
171722,acres82Q2
45820,acres82Q1
163072,acres82Q2
300559,acres82Q2
4,acres82Q1
169313,acres82Q2
205105,acres82Q2
195626,acres82Q2
110150,acres82Q2
138822,acres82Q2
1890,acres82Q1
0,acres82Q1
135494,acres82Q2
242637,acres82Q2
145329,acres82Q2
181624,acres82Q2
102733,acres82Q2
133854,acres82Q2
112334,acres82Q2
218306,acres82Q2
3803,acres82Q1
92683,acres82Q2
831,acres82Q1
396721,acres82Q3
70404,acres82Q1
19198,acres82Q1
117799,acres82Q2
65323,acres82Q1
115071,acres82Q2
363293,acres82Q3
35353,acres82Q1
56002,acres82Q1
114859,acres82Q2
91822,acres82Q2
69643,acres82Q1
5811,acres82Q1
205954,acres82Q2
174627,acres82Q2
5709,acres82Q1
209889,acres82Q2
102024,acres82Q2
196365,acres82Q2
194022,acres82Q2
171129,acres82Q2
155895,acres82Q2
80507,acres82Q2
205105,acres82Q2
126195,acres82Q2
202188,acres82Q2
138297,acres82Q2
122480,acres82Q2
215796,acres82Q2
179280,acres82Q2
99214,acres82Q2
227382,acres82Q2
143773,acres82Q2
161724,acres82Q2
223216,acres82Q2
4060,acres82Q1
335575,acres82Q2
196759,acres82Q2
169017,acres82Q2
88899,acres82Q2
197736,acres82Q2
235971,acres82Q2
97020,acres82Q2
205633,acres82Q2
109820,acres82Q2
65266,acres82Q1
184280,acres82Q2
127867,acres82Q2
28983,acres82Q1
275644,acres82Q2
248400,acres82Q2
113329,acres82Q2
245049,acres82Q2
230988,acres82Q2
48050,acres82Q1
177194,acres82Q2
219023,acres82Q2
74461,acres82Q1
68344,acres82Q1
210601,acres82Q2
17138,acres82Q1
61999,acres82Q1
227327,acres82Q2
202927,acres82Q2
142624,acres82Q2
74037,acres82Q1
261320,acres82Q2
73484,acres82Q1
217397,acres82Q2
103857,acres82Q2
87036,acres82Q2
269163,acres82Q2
200405,acres82Q2
109986,acres82Q2
107157,acres82Q2
113892,acres82Q2
164607,acres82Q2
187718,acres82Q2
104197,acres82Q2
106573,acres82Q2
219037,acres82Q2
96060,acres82Q2
259390,acres82Q2
87954,acres82Q2
96293,acres82Q2
204079,acres82Q2
286698,acres82Q2
160734,acres82Q2
253383,acres82Q2
202324,acres82Q2
95704,acres82Q2
296368,acres82Q2
203498,acres82Q2
136612,acres82Q2
19088,acres82Q1
120519,acres82Q2
148479,acres82Q2
222957,acres82Q2
241787,acres82Q2
41666,acres82Q1
129416,acres82Q2
139655,acres82Q2
246938,acres82Q2
187175,acres82Q2
302456,acres82Q2
216318,acres82Q2
207333,acres82Q2
487638,acres82Q3
375683,acres82Q3
986621,acres82Q4
493631,acres82Q3
513789,acres82Q3
412673,acres82Q3
726481,acres82Q3
499876,acres82Q3
372901,acres82Q3
218803,acres82Q2
300829,acres82Q2
1034980,acres82Q4
157105,acres82Q2
264890,acres82Q2
405831,acres82Q3
358446,acres82Q2
447212,acres82Q3
336285,acres82Q2
633874,acres82Q3
242097,acres82Q2
583098,acres82Q3
699515,acres82Q3
662121,acres82Q3
419760,acres82Q3
566152,acres82Q3
599536,acres82Q3
338529,acres82Q2
286379,acres82Q2
607180,acres82Q3
268038,acres82Q2
346572,acres82Q2
469883,acres82Q3
405271,acres82Q3
323534,acres82Q2
477655,acres82Q3
521820,acres82Q3
558313,acres82Q3
194253,acres82Q2
380529,acres82Q2
397909,acres82Q3
344280,acres82Q2
255538,acres82Q2
253652,acres82Q2
314987,acres82Q2
236766,acres82Q2
494277,acres82Q3
162690,acres82Q2
277981,acres82Q2
230832,acres82Q2
347480,acres82Q2
390957,acres82Q3
282659,acres82Q2
257577,acres82Q2
156748,acres82Q2
280533,acres82Q2
1116090,acres82Q4
207118,acres82Q2
282211,acres82Q2
328976,acres82Q2
481244,acres82Q3
353045,acres82Q3
299263,acres82Q2
239971,acres82Q2
660214,acres82Q3
309614,acres82Q2
250958,acres82Q2
215222,acres82Q2
421233,acres82Q3
1051384,acres82Q4
480948,acres82Q3
134096,acres82Q2
216638,acres82Q2
216268,acres82Q2
577693,acres82Q3
743563,acres82Q3
687299,acres82Q3
818736,acres82Q3
118818,acres82Q2
148848,acres82Q2
24740,acres82Q1
71839,acres82Q1
174872,acres82Q2
894853,acres82Q3
74375,acres82Q1
139483,acres82Q2
402023,acres82Q3
766373,acres82Q3
1154399,acres82Q3
1457339,acres82Q4
27201,acres82Q1
262251,acres82Q2
530960,acres82Q3
31249,acres82Q1
720153,acres82Q3
833025,acres82Q3
242121,acres82Q2
34292,acres82Q1
380464,acres82Q2
1318447,acres82Q4
302462,acres82Q2
1119004,acres82Q4
31294,acres82Q1
167880,acres82Q2
487534,acres82Q3
39559,acres82Q1
1466580,acres82Q4
473316,acres82Q3
694304,acres82Q3
1152965,acres82Q3
139820,acres82Q2
728131,acres82Q3
179787,acres82Q2
172366,acres82Q2
32526,acres82Q1
119566,acres82Q2
57960,acres82Q1
199056,acres82Q2
221981,acres82Q2
76466,acres82Q1
310672,acres82Q2
76790,acres82Q2
129323,acres82Q2
76997,acres82Q1
19026,acres82Q1
139918,acres82Q2
176643,acres82Q2
94817,acres82Q2
55023,acres82Q1
39412,acres82Q1
101816,acres82Q2
211037,acres82Q2
141919,acres82Q2
90298,acres82Q2
5095,acres82Q1
16371,acres82Q1
167863,acres82Q2
106390,acres82Q2
4702,acres82Q1
234391,acres82Q2
88982,acres82Q2
125707,acres82Q2
129503,acres82Q2
143036,acres82Q2
79310,acres82Q1
85113,acres82Q1
36963,acres82Q1
388368,acres82Q3
86402,acres82Q1
104519,acres82Q2
82982,acres82Q1
49850,acres82Q1
132999,acres82Q2
39561,acres82Q1
160802,acres82Q2
81426,acres82Q1
20777,acres82Q1
44425,acres82Q1
41347,acres82Q1
81479,acres82Q2
109438,acres82Q2
104292,acres82Q2
6197,acres82Q1
90065,acres82Q2
89045,acres82Q2
87253,acres82Q1
219933,acres82Q2
30613,acres82Q1
177215,acres82Q2
212477,acres82Q2
63159,acres82Q1
52760,acres82Q1
67388,acres82Q1
203026,acres82Q2
121907,acres82Q2
153897,acres82Q2
62740,acres82Q1
252052,acres82Q2
1468,acres82Q1
5636,acres82Q1
9631,acres82Q1
12408,acres82Q1
20458,acres82Q1
89935,acres82Q1
136565,acres82Q2
81257,acres82Q2
160659,acres82Q2
87355,acres82Q2
74733,acres82Q2
44800,acres82Q1
51020,acres82Q1
90995,acres82Q2
32392,acres82Q1
66165,acres82Q1
94193,acres82Q2
109652,acres82Q2
135766,acres82Q2
126370,acres82Q2
156853,acres82Q2
108848,acres82Q2
62108,acres82Q1
68858,acres82Q1
55712,acres82Q1
194822,acres82Q2
37287,acres82Q1
66809,acres82Q1
70277,acres82Q1
97241,acres82Q2
195697,acres82Q2
72500,acres82Q2
52978,acres82Q1
58323,acres82Q1
128124,acres82Q2
136151,acres82Q2
82634,acres82Q2
19486,acres82Q1
78382,acres82Q2
104862,acres82Q2
93970,acres82Q2
69897,acres82Q1
262093,acres82Q2
44200,acres82Q1
66355,acres82Q1
110679,acres82Q2
107058,acres82Q2
138573,acres82Q2
55992,acres82Q1
173188,acres82Q2
120755,acres82Q2
379973,acres82Q2
724776,acres82Q3
787857,acres82Q3
322432,acres82Q2
444440,acres82Q3
1026353,acres82Q4
496799,acres82Q3
279202,acres82Q2
1243168,acres82Q4
417697,acres82Q3
688081,acres82Q3
534829,acres82Q3
236608,acres82Q2
392935,acres82Q2
1701991,acres82Q4
462238,acres82Q3
270665,acres82Q2
561312,acres82Q3
341131,acres82Q2
1859161,acres82Q4
252419,acres82Q2
641911,acres82Q3
974811,acres82Q3
560057,acres82Q3
373787,acres82Q2
601034,acres82Q3
1204465,acres82Q4
276744,acres82Q2
861129,acres82Q3
245174,acres82Q2
1657305,acres82Q4
390720,acres82Q2
502469,acres82Q3
545064,acres82Q3
1361106,acres82Q4
334057,acres82Q2
584231,acres82Q3
460063,acres82Q3
297819,acres82Q2
195077,acres82Q2
322802,acres82Q2
846435,acres82Q3
325998,acres82Q2
661474,acres82Q3
485748,acres82Q3
2076199,acres82Q4
701352,acres82Q3
313435,acres82Q2
425288,acres82Q3
284888,acres82Q2
1066060,acres82Q4
1726299,acres82Q4
507101,acres82Q3
604219,acres82Q3
322784,acres82Q2
1417516,acres82Q4
890711,acres82Q3
903980,acres82Q3
615479,acres82Q3
1079266,acres82Q4
1006831,acres82Q3
367239,acres82Q2
259517,acres82Q2
448834,acres82Q3
271200,acres82Q2
1406379,acres82Q4
41899,acres82Q1
213603,acres82Q2
62989,acres82Q1
93098,acres82Q2
96181,acres82Q2
91858,acres82Q1
30299,acres82Q1
96550,acres82Q2
165547,acres82Q2
36633,acres82Q1
58289,acres82Q1
71513,acres82Q1
142729,acres82Q2
70483,acres82Q1
84029,acres82Q1
132388,acres82Q2
144918,acres82Q2
96874,acres82Q2
47319,acres82Q1
86858,acres82Q1
95818,acres82Q2
144267,acres82Q2
230906,acres82Q2
258265,acres82Q2
70457,acres82Q1
135469,acres82Q2
272121,acres82Q2
256272,acres82Q2
104457,acres82Q2
236912,acres82Q2
42735,acres82Q1
57216,acres82Q1
62542,acres82Q1
80348,acres82Q1
159927,acres82Q2
110215,acres82Q2
155600,acres82Q2
224247,acres82Q2
146868,acres82Q2
191486,acres82Q2
130167,acres82Q2
44415,acres82Q1
119419,acres82Q2
87298,acres82Q2
98669,acres82Q2
54518,acres82Q1
94254,acres82Q2
91343,acres82Q1
182754,acres82Q2
196733,acres82Q2
36978,acres82Q1
275219,acres82Q2
73654,acres82Q1
123557,acres82Q2
121848,acres82Q2
138618,acres82Q2
141357,acres82Q2
50767,acres82Q1
161902,acres82Q2
245681,acres82Q2
56253,acres82Q1
100176,acres82Q2
174807,acres82Q2
48098,acres82Q1
43202,acres82Q1
257000,acres82Q2
105519,acres82Q2
53026,acres82Q1
37550,acres82Q1
31368,acres82Q1
116696,acres82Q2
52462,acres82Q1
52433,acres82Q1
233312,acres82Q2
200097,acres82Q2
32714,acres82Q1
24832,acres82Q1
74107,acres82Q1
144953,acres82Q2
150309,acres82Q2
53795,acres82Q1
92773,acres82Q2
177522,acres82Q2
183178,acres82Q2
55097,acres82Q1
11292,acres82Q1
49452,acres82Q1
32892,acres82Q1
165309,acres82Q2
117608,acres82Q2
125092,acres82Q2
204146,acres82Q2
123792,acres82Q2
204391,acres82Q2
214497,acres82Q2
352488,acres82Q2
962576,acres82Q3
103063,acres82Q2
19131,acres82Q1
612718,acres82Q3
500665,acres82Q3
765139,acres82Q3
337351,acres82Q2
432939,acres82Q3
396508,acres82Q2
394923,acres82Q2
357933,acres82Q3
442173,acres82Q3
416631,acres82Q3
408710,acres82Q3
371257,acres82Q2
629681,acres82Q3
547829,acres82Q3
263077,acres82Q2
563993,acres82Q3
295601,acres82Q2
2405018,acres82Q4
408824,acres82Q3
566400,acres82Q3
513533,acres82Q3
317187,acres82Q2
548351,acres82Q3
263925,acres82Q2
208073,acres82Q2
490739,acres82Q3
329288,acres82Q3
68448,acres82Q1
622130,acres82Q3
166939,acres82Q2
518316,acres82Q3
251249,acres82Q2
269146,acres82Q2
449972,acres82Q2
670459,acres82Q3
370572,acres82Q2
523049,acres82Q3
680567,acres82Q3
275638,acres82Q2
462533,acres82Q3
549167,acres82Q3
207350,acres82Q2
543750,acres82Q3
571684,acres82Q3
430377,acres82Q3
605252,acres82Q3
471498,acres82Q3
394805,acres82Q2
2001152,acres82Q4
451584,acres82Q3
1584367,acres82Q4
780925,acres82Q3
123756,acres82Q2
553047,acres82Q3
856707,acres82Q3
107565,acres82Q2
365618,acres82Q3
569212,acres82Q3
561521,acres82Q3
677308,acres82Q3
599637,acres82Q3
801159,acres82Q3
493227,acres82Q3
518788,acres82Q3
1117134,acres82Q3
426189,acres82Q3
581776,acres82Q3
378003,acres82Q3
412632,acres82Q3
496742,acres82Q3
545666,acres82Q3
629148,acres82Q3
321752,acres82Q2
422464,acres82Q3
128533,acres82Q2
370140,acres82Q3
749504,acres82Q3
686578,acres82Q3
102229,acres82Q2
573827,acres82Q3
688330,acres82Q3
477515,acres82Q3
465365,acres82Q3
665421,acres82Q3
576013,acres82Q3
409501,acres82Q3
47196,acres82Q1
352915,acres82Q2
347313,acres82Q2
560355,acres82Q3
443027,acres82Q3
461249,acres82Q3
576468,acres82Q3
313952,acres82Q2
32436,acres82Q1
308344,acres82Q3
201952,acres82Q2
686578,acres82Q3
494177,acres82Q3
463450,acres82Q2
545664,acres82Q3
356170,acres82Q2
660412,acres82Q3
470096,acres82Q3
490578,acres82Q3
225852,acres82Q2
386546,acres82Q2
417187,acres82Q3
489398,acres82Q3
2234262,acres82Q4
345138,acres82Q2
402897,acres82Q3
656961,acres82Q3
519043,acres82Q3
461829,acres82Q3
70165,acres82Q1
1524636,acres82Q4
322324,acres82Q2
736407,acres82Q3
517671,acres82Q3
330173,acres82Q2
513418,acres82Q3
383573,acres82Q3
386991,acres82Q3
354917,acres82Q2
553226,acres82Q3
595420,acres82Q3
531206,acres82Q3
774804,acres82Q3
436040,acres82Q3
698832,acres82Q3
576893,acres82Q3
424701,acres82Q3
518028,acres82Q3
432379,acres82Q3
766037,acres82Q3
527837,acres82Q3
318658,acres82Q2
482165,acres82Q3
342213,acres82Q2
428068,acres82Q3
588500,acres82Q3
558553,acres82Q3
507135,acres82Q3
346653,acres82Q2
481539,acres82Q3
491015,acres82Q3
675927,acres82Q3
472332,acres82Q3
515960,acres82Q3
243989,acres82Q2
49579,acres82Q1
512473,acres82Q3
547428,acres82Q3
562612,acres82Q3
678590,acres82Q3
658204,acres82Q3
487573,acres82Q3
724706,acres82Q3
551148,acres82Q3
428243,acres82Q3
587316,acres82Q3
495364,acres82Q3
193885,acres82Q2
587264,acres82Q3
73948,acres82Q1
479889,acres82Q3
220355,acres82Q2
525885,acres82Q3
30268,acres82Q2
536300,acres82Q3
443224,acres82Q3
593819,acres82Q3
847608,acres82Q4
56975,acres82Q1
517272,acres82Q3
195147,acres82Q2
415694,acres82Q2
526276,acres82Q3
2891640,acres82Q4
141215,acres82Q2
402011,acres82Q3
1695484,acres82Q4
98449,acres82Q1
497106,acres82Q3
617851,acres82Q3
362642,acres82Q2
425281,acres82Q2
1555905,acres82Q4
667177,acres82Q3
510079,acres82Q3
391842,acres82Q3
47446,acres82Q1
572607,acres82Q3
268058,acres82Q2
33544,acres82Q1
54580,acres82Q1
82721,acres82Q1
358211,acres82Q3
743638,acres82Q3
764723,acres82Q3
518371,acres82Q3
564382,acres82Q3
187728,acres82Q2
507449,acres82Q3
247626,acres82Q2
62850,acres82Q1
632622,acres82Q3
536507,acres82Q3
835337,acres82Q3
512247,acres82Q3
926093,acres82Q3
505140,acres82Q3
167569,acres82Q2
509017,acres82Q3
1396275,acres82Q4
459120,acres82Q3
581511,acres82Q3
180332,acres82Q2
1020756,acres82Q3
332826,acres82Q2
109635,acres82Q2
58690,acres82Q2
194008,acres82Q2
694909,acres82Q3
917186,acres82Q3
1806639,acres82Q4
378217,acres82Q2
430736,acres82Q3
213923,acres82Q2
242901,acres82Q2
455873,acres82Q3
328367,acres82Q2
1712044,acres82Q4
644730,acres82Q3
501692,acres82Q3
307783,acres82Q2
863384,acres82Q3
260892,acres82Q2
545670,acres82Q3
476493,acres82Q3
432887,acres82Q3
461127,acres82Q3
203667,acres82Q2
344667,acres82Q2
563183,acres82Q3
484907,acres82Q3
723018,acres82Q3
192288,acres82Q2
1449976,acres82Q4
267924,acres82Q2
291860,acres82Q2
21958,acres82Q1
50357,acres82Q2
399011,acres82Q2
240535,acres82Q2
137530,acres82Q2
63116,acres82Q2
434183,acres82Q3
332686,acres82Q2
209819,acres82Q2
484156,acres82Q3
234576,acres82Q2
58522,acres82Q1
493073,acres82Q3
107663,acres82Q2
324921,acres82Q2
447463,acres82Q3
158189,acres82Q2
373582,acres82Q2
437238,acres82Q3
1294703,acres82Q4
450315,acres82Q3
139347,acres82Q2
167374,acres82Q2
105576,acres82Q2
256522,acres82Q2
91568,acres82Q2
188567,acres82Q2
25810,acres82Q1
70411,acres82Q1
90296,acres82Q1
78691,acres82Q1
287442,acres82Q2
47010,acres82Q1
200507,acres82Q2
81768,acres82Q1
96833,acres82Q1
84677,acres82Q2
8627,acres82Q1
66034,acres82Q1
134474,acres82Q2
51604,acres82Q1
113165,acres82Q2
28827,acres82Q1
112944,acres82Q2
17392,acres82Q1
68326,acres82Q1
45451,acres82Q1
115295,acres82Q2
61669,acres82Q1
85954,acres82Q1
56280,acres82Q1
15714,acres82Q1
235533,acres82Q2
116509,acres82Q2
58326,acres82Q1
166477,acres82Q2
98142,acres82Q2
73097,acres82Q1
24478,acres82Q1
51442,acres82Q1
136320,acres82Q2
37044,acres82Q1
51374,acres82Q1
232852,acres82Q2
96282,acres82Q2
24201,acres82Q1
48968,acres82Q1
96910,acres82Q2
86247,acres82Q2
9559,acres82Q1
52508,acres82Q1
37777,acres82Q1
59326,acres82Q1
19657,acres82Q1
129296,acres82Q2
195476,acres82Q2
81427,acres82Q1
85600,acres82Q2
100602,acres82Q2
6152,acres82Q1
167858,acres82Q2
21507,acres82Q1
98914,acres82Q2
72681,acres82Q1
18367,acres82Q1
52469,acres82Q1
41290,acres82Q1
63991,acres82Q1
107700,acres82Q2
64856,acres82Q1
79449,acres82Q1
297064,acres82Q2
43180,acres82Q1
68584,acres82Q1
48889,acres82Q1
32973,acres82Q1
71803,acres82Q1
78977,acres82Q1
38940,acres82Q1
24924,acres82Q1
141766,acres82Q2
236074,acres82Q2
160973,acres82Q2
134191,acres82Q2
125394,acres82Q2
119973,acres82Q2
178469,acres82Q2
52904,acres82Q1
20107,acres82Q1
52770,acres82Q1
82736,acres82Q1
138531,acres82Q2
38967,acres82Q1
190062,acres82Q2
56289,acres82Q1
13247,acres82Q1
131366,acres82Q2
2358,acres82Q1
54290,acres82Q1
83047,acres82Q1
43332,acres82Q1
209677,acres82Q2
33682,acres82Q1
96704,acres82Q2
82849,acres82Q2
17710,acres82Q1
203503,acres82Q2
24848,acres82Q1
41348,acres82Q1
93364,acres82Q2
149503,acres82Q2
132674,acres82Q2
58891,acres82Q1
43987,acres82Q1
89785,acres82Q2
996742,acres82Q4
274546,acres82Q2
640370,acres82Q3
112085,acres82Q2
24253,acres82Q1
82967,acres82Q2
304928,acres82Q2
35678,acres82Q1
918033,acres82Q3
748088,acres82Q3
670149,acres82Q3
325472,acres82Q2
1086045,acres82Q4
44742,acres82Q1
19526,acres82Q1
9603,acres82Q1
42290,acres82Q1
10302,acres82Q1
355360,acres82Q3
689639,acres82Q3
112263,acres82Q2
1465788,acres82Q4
10965,acres82Q1
1291118,acres82Q4
32637,acres82Q1
55360,acres82Q1
58750,acres82Q1
20529,acres82Q1
92074,acres82Q2
4043,acres82Q1
74153,acres82Q1
625769,acres82Q3
546303,acres82Q3
59890,acres82Q1
12611,acres82Q1
710546,acres82Q3
118136,acres82Q2
1404289,acres82Q4
1639965,acres82Q4
119354,acres82Q2
51208,acres82Q1
350866,acres82Q3
97521,acres82Q2
205363,acres82Q2
323482,acres82Q2
84091,acres82Q2
162205,acres82Q2
386857,acres82Q3
426884,acres82Q3
327185,acres82Q2
248956,acres82Q2
538582,acres82Q3
414240,acres82Q3
130051,acres82Q2
70547,acres82Q1
366593,acres82Q3
189905,acres82Q2
21008,acres82Q1
351633,acres82Q2
26456,acres82Q1
620951,acres82Q3
293134,acres82Q2
163145,acres82Q2
361918,acres82Q3
10263,acres82Q1
218145,acres82Q2
232591,acres82Q2
195287,acres82Q2
92761,acres82Q2
170228,acres82Q2
182339,acres82Q2
356651,acres82Q3
120383,acres82Q2
85500,acres82Q2
248862,acres82Q2
529966,acres82Q3
145980,acres82Q2
135538,acres82Q2
8763,acres82Q1
346398,acres82Q2
208888,acres82Q2
31777,acres82Q1
263514,acres82Q2
78772,acres82Q1
113548,acres82Q2
272876,acres82Q2
282405,acres82Q2
265731,acres82Q2
94596,acres82Q2
133197,acres82Q2
270930,acres82Q2
343115,acres82Q2
168304,acres82Q2
308460,acres82Q2
335517,acres82Q3
47376,acres82Q1
297984,acres82Q2
207128,acres82Q2
231427,acres82Q2
348602,acres82Q3
365511,acres82Q3
226096,acres82Q2
86091,acres82Q2
147207,acres82Q2
114184,acres82Q2
241778,acres82Q2
167191,acres82Q2
169876,acres82Q2
221357,acres82Q2
76080,acres82Q1
73430,acres82Q1
2531,acres82Q1
73407,acres82Q1
12175,acres82Q1
35587,acres82Q1
34919,acres82Q1
14868,acres82Q1
59184,acres82Q1
20455,acres82Q1
52748,acres82Q1
106325,acres82Q2
179736,acres82Q2
135577,acres82Q2
7710,acres82Q1
141742,acres82Q2
88571,acres82Q2
101214,acres82Q2
74268,acres82Q1
19956,acres82Q1
81096,acres82Q1
30015,acres82Q1
3113,acres82Q1
1088,acres82Q1
40837,acres82Q1
64332,acres82Q1
117168,acres82Q2
56555,acres82Q1
74760,acres82Q1
258,acres82Q1
54622,acres82Q1
148842,acres82Q2
21871,acres82Q1
33085,acres82Q1
21164,acres82Q1
178160,acres82Q2
15650,acres82Q1
115487,acres82Q2
138688,acres82Q2
55827,acres82Q1
32633,acres82Q1
104194,acres82Q2
70960,acres82Q1
82154,acres82Q2
57717,acres82Q1
41830,acres82Q1
32093,acres82Q1
47366,acres82Q1
58678,acres82Q1
28622,acres82Q1
9335,acres82Q1
37130,acres82Q1
35836,acres82Q1
59846,acres82Q1
5693,acres82Q1
1868333,acres82Q4
441321,acres82Q3
2704163,acres82Q4
2720903,acres82Q4
2363248,acres82Q4
1542262,acres82Q4
2415873,acres82Q4
1234542,acres82Q4
908320,acres82Q4
2055522,acres82Q4
1700356,acres82Q4
558966,acres82Q3
2508749,acres82Q4
1344561,acres82Q4
797270,acres82Q4
1364948,acres82Q4
1208776,acres82Q4
592754,acres82Q3
1720737,acres82Q4
62307,acres82Q1
879694,acres82Q3
397883,acres82Q2
1484583,acres82Q4
